-- phpMyAdmin SQL Dump
-- version 4.0.9
-- http://www.phpmyadmin.net
--
-- Host: localhost
-- Generation Time: Sep 05, 2017 at 03:40 
-- Server version: 5.6.14
-- PHP Version: 5.5.6

SET SQL_MODE = "NO_AUTO_VALUE_ON_ZERO";
SET time_zone = "+00:00";


/*!40101 SET @OLD_CHARACTER_SET_CLIENT=@@CHARACTER_SET_CLIENT */;
/*!40101 SET @OLD_CHARACTER_SET_RESULTS=@@CHARACTER_SET_RESULTS */;
/*!40101 SET @OLD_COLLATION_CONNECTION=@@COLLATION_CONNECTION */;
/*!40101 SET NAMES utf8 */;

--
-- Database: `portal`
--

-- --------------------------------------------------------

--
-- Table structure for table `category`
--

CREATE TABLE IF NOT EXISTS `category` (
  `category_id` int(11) NOT NULL AUTO_INCREMENT,
  `category_name` varchar(255) DEFAULT NULL,
  `category_description` text,
  `category_create_date` datetime DEFAULT NULL,
  `category_last_update` datetime DEFAULT NULL,
  `category_is_deleted` varchar(45) DEFAULT NULL,
  PRIMARY KEY (`category_id`)
) ENGINE=InnoDB  DEFAULT CHARSET=utf8 AUTO_INCREMENT=5 ;

--
-- Dumping data for table `category`
--

INSERT INTO `category` (`category_id`, `category_name`, `category_description`, `category_create_date`, `category_last_update`, `category_is_deleted`) VALUES
(1, 'r', 'www', '2017-08-06 00:00:00', '2017-08-13 07:38:39', '1'),
(2, 'ad', 'aaa', '2017-08-14 00:00:00', '2017-08-14 08:58:52', '0'),
(3, 'test', 'eeee', '2017-08-14 00:00:00', '2017-08-14 10:23:08', '0'),
(4, 'eee', 'eee', '2017-08-14 00:00:00', '2017-08-14 10:23:21', '0');

-- --------------------------------------------------------

--
-- Table structure for table `ci_sessions`
--

CREATE TABLE IF NOT EXISTS `ci_sessions` (
  `id` varchar(128) NOT NULL,
  `ip_address` varchar(45) NOT NULL,
  `timestamp` int(10) unsigned NOT NULL DEFAULT '0',
  `data` blob NOT NULL,
  KEY `ci_sessions_timestamp` (`timestamp`)
) ENGINE=InnoDB DEFAULT CHARSET=utf8;

--
-- Dumping data for table `ci_sessions`
--

INSERT INTO `ci_sessions` (`id`, `ip_address`, `timestamp`, `data`) VALUES
('6ces123ugn2rakeoa0pcolcugqtjhig6', '::1', 1502688851, 0x5f5f63695f6c6173745f726567656e65726174657c693a313530323638383539313b6c6f676765647c623a313b757365725f69647c733a313a2231223b757365725f6e616d657c733a353a2261646d696e223b757365725f726f6c657c4e3b757365725f656d61696c7c733a31353a2261646d696e4061646d696e2e636f6d223b757365725f66756c6c5f6e616d657c733a31303a22737570657261646d696e223b737563636573737c733a36353a225468652075706c6f61642064657374696e6174696f6e20666f6c64657220646f6573206e6f742061707065617220746f206265207772697461626c652e3c2f703e223b5f5f63695f766172737c613a313a7b733a373a2273756363657373223b733a333a226f6c64223b7d),
('rvcjorssqvutnkuscqiigevujrf5j0q3', '::1', 1502689185, 0x5f5f63695f6c6173745f726567656e65726174657c693a313530323638383930383b6c6f676765647c623a313b757365725f69647c733a313a2231223b757365725f6e616d657c733a353a2261646d696e223b757365725f726f6c657c4e3b757365725f656d61696c7c733a31353a2261646d696e4061646d696e2e636f6d223b757365725f66756c6c5f6e616d657c733a31303a22737570657261646d696e223b),
('j0crekn5un0fd0mbui1b4fpu7o0ejno7', '::1', 1502689492, 0x5f5f63695f6c6173745f726567656e65726174657c693a313530323638393231353b6c6f676765647c623a313b757365725f69647c733a313a2231223b757365725f6e616d657c733a353a2261646d696e223b757365725f726f6c657c4e3b757365725f656d61696c7c733a31353a2261646d696e4061646d696e2e636f6d223b757365725f66756c6c5f6e616d657c733a31303a22737570657261646d696e223b),
('qhsb673ti8avopkr2fshrohn6ab296mh', '::1', 1502689812, 0x5f5f63695f6c6173745f726567656e65726174657c693a313530323638393531363b6c6f676765647c623a313b757365725f69647c733a313a2231223b757365725f6e616d657c733a353a2261646d696e223b757365725f726f6c657c4e3b757365725f656d61696c7c733a31353a2261646d696e4061646d696e2e636f6d223b757365725f66756c6c5f6e616d657c733a31303a22737570657261646d696e223b),
('70mqvcr3hehkou9bnf6muiakuani48tb', '::1', 1502690178, 0x5f5f63695f6c6173745f726567656e65726174657c693a313530323638393838313b6c6f676765647c623a313b757365725f69647c733a313a2231223b757365725f6e616d657c733a353a2261646d696e223b757365725f726f6c657c4e3b757365725f656d61696c7c733a31353a2261646d696e4061646d696e2e636f6d223b757365725f66756c6c5f6e616d657c733a31303a22737570657261646d696e223b),
('4fsrn9pdspufrabvvancpgqkqq1p6564', '::1', 1502690397, 0x5f5f63695f6c6173745f726567656e65726174657c693a313530323639303139353b6c6f676765647c623a313b757365725f69647c733a313a2231223b757365725f6e616d657c733a353a2261646d696e223b757365725f726f6c657c4e3b757365725f656d61696c7c733a31353a2261646d696e4061646d696e2e636f6d223b757365725f66756c6c5f6e616d657c733a31303a22737570657261646d696e223b),
('e32k0k4g4uhl4u1ppe5at46h2e31vkdi', '::1', 1502692696, 0x5f5f63695f6c6173745f726567656e65726174657c693a313530323639323430383b6c6f676765647c623a313b757365725f69647c733a313a2231223b757365725f6e616d657c733a353a2261646d696e223b757365725f726f6c657c4e3b757365725f656d61696c7c733a31353a2261646d696e4061646d696e2e636f6d223b757365725f66756c6c5f6e616d657c733a31303a22737570657261646d696e223b737563636573737c733a373a2273756363657373223b5f5f63695f766172737c613a313a7b733a373a2273756363657373223b733a333a226f6c64223b7d),
('dioaqdl5e6eori08tulb94c2gpm0d3et', '::1', 1502693143, 0x5f5f63695f6c6173745f726567656e65726174657c693a313530323639323837313b6c6f676765647c623a313b757365725f69647c733a313a2231223b757365725f6e616d657c733a353a2261646d696e223b757365725f726f6c657c4e3b757365725f656d61696c7c733a31353a2261646d696e4061646d696e2e636f6d223b757365725f66756c6c5f6e616d657c733a31303a22737570657261646d696e223b737563636573737c733a373a224164644e657773223b5f5f63695f766172737c613a313a7b733a373a2273756363657373223b733a333a226f6c64223b7d),
('8q63nrpvfjpavr8o71fc8na8orss6mtl', '::1', 1502693432, 0x5f5f63695f6c6173745f726567656e65726174657c693a313530323639333231313b6c6f676765647c623a313b757365725f69647c733a313a2231223b757365725f6e616d657c733a353a2261646d696e223b757365725f726f6c657c4e3b757365725f656d61696c7c733a31353a2261646d696e4061646d696e2e636f6d223b757365725f66756c6c5f6e616d657c733a31303a22737570657261646d696e223b),
('ig05rb7onht4djl4s3crn2u4pgfshfkj', '::1', 1502693822, 0x5f5f63695f6c6173745f726567656e65726174657c693a313530323639333532343b6c6f676765647c623a313b757365725f69647c733a313a2231223b757365725f6e616d657c733a353a2261646d696e223b757365725f726f6c657c4e3b757365725f656d61696c7c733a31353a2261646d696e4061646d696e2e636f6d223b757365725f66756c6c5f6e616d657c733a31303a22737570657261646d696e223b),
('1mrj4h1t9gdbmugmni5d70p3sn7888ao', '::1', 1502694077, 0x5f5f63695f6c6173745f726567656e65726174657c693a313530323639333832353b6c6f676765647c623a313b757365725f69647c733a313a2231223b757365725f6e616d657c733a353a2261646d696e223b757365725f726f6c657c4e3b757365725f656d61696c7c733a31353a2261646d696e4061646d696e2e636f6d223b757365725f66756c6c5f6e616d657c733a31303a22737570657261646d696e223b),
('dst2n8s6mctv6ofcb51q5q9o484fin94', '::1', 1502694380, 0x5f5f63695f6c6173745f726567656e65726174657c693a313530323639343132383b6c6f676765647c623a313b757365725f69647c733a313a2231223b757365725f6e616d657c733a353a2261646d696e223b757365725f726f6c657c4e3b757365725f656d61696c7c733a31353a2261646d696e4061646d696e2e636f6d223b757365725f66756c6c5f6e616d657c733a31303a22737570657261646d696e223b),
('qr2rfjsduaqm9qgb5sr2f92p23cdep9q', '::1', 1502694686, 0x5f5f63695f6c6173745f726567656e65726174657c693a313530323639343435353b6c6f676765647c623a313b757365725f69647c733a313a2231223b757365725f6e616d657c733a353a2261646d696e223b757365725f726f6c657c4e3b757365725f656d61696c7c733a31353a2261646d696e4061646d696e2e636f6d223b757365725f66756c6c5f6e616d657c733a31303a22737570657261646d696e223b),
('sdjd3tlrta05ocrikhimt14e07ufpnh4', '::1', 1502695028, 0x5f5f63695f6c6173745f726567656e65726174657c693a313530323639343738313b6c6f676765647c623a313b757365725f69647c733a313a2231223b757365725f6e616d657c733a353a2261646d696e223b757365725f726f6c657c4e3b757365725f656d61696c7c733a31353a2261646d696e4061646d696e2e636f6d223b757365725f66756c6c5f6e616d657c733a31303a22737570657261646d696e223b),
('8kt9av8ffshoga110o1l059km3gn96gq', '::1', 1502695560, 0x5f5f63695f6c6173745f726567656e65726174657c693a313530323639353237373b6c6f676765647c623a313b757365725f69647c733a313a2231223b757365725f6e616d657c733a353a2261646d696e223b757365725f726f6c657c4e3b757365725f656d61696c7c733a31353a2261646d696e4061646d696e2e636f6d223b757365725f66756c6c5f6e616d657c733a31303a22737570657261646d696e223b),
('4nes3dff4pa94pdr4h0rptf746as944b', '::1', 1502695834, 0x5f5f63695f6c6173745f726567656e65726174657c693a313530323639353630313b6c6f676765647c623a313b757365725f69647c733a313a2231223b757365725f6e616d657c733a353a2261646d696e223b757365725f726f6c657c4e3b757365725f656d61696c7c733a31353a2261646d696e4061646d696e2e636f6d223b757365725f66756c6c5f6e616d657c733a31303a22737570657261646d696e223b),
('t0ii4ifq28mhqb5k9g5pfrjnb9bovaai', '::1', 1502696071, 0x5f5f63695f6c6173745f726567656e65726174657c693a313530323639353934363b6c6f676765647c623a313b757365725f69647c733a313a2231223b757365725f6e616d657c733a353a2261646d696e223b757365725f726f6c657c4e3b757365725f656d61696c7c733a31353a2261646d696e4061646d696e2e636f6d223b757365725f66756c6c5f6e616d657c733a31303a22737570657261646d696e223b),
('1ao90sgfqvkgudnjbj0ngmg1smb127mh', '::1', 1502696686, 0x5f5f63695f6c6173745f726567656e65726174657c693a313530323639363338353b),
('gqomhqt5aa30ldsq5js1eov3s3jv9j89', '::1', 1502696964, 0x5f5f63695f6c6173745f726567656e65726174657c693a313530323639363639333b),
('2qek6q1cephj5a318qcaah35vorgrnmv', '::1', 1502697152, 0x5f5f63695f6c6173745f726567656e65726174657c693a313530323639373032353b),
('ajcrqjdtgcujda0ml4r51hnhq7avahn9', '::1', 1502699002, 0x5f5f63695f6c6173745f726567656e65726174657c693a313530323639383936363b6c6f676765647c623a313b757365725f69647c733a313a2231223b757365725f6e616d657c733a353a2261646d696e223b757365725f726f6c657c4e3b757365725f656d61696c7c733a31353a2261646d696e4061646d696e2e636f6d223b757365725f66756c6c5f6e616d657c733a31303a22737570657261646d696e223b),
('u45kramahhs4f7cn6cfvk1qeiug4bdk2', '::1', 1502699826, 0x5f5f63695f6c6173745f726567656e65726174657c693a313530323639393630373b6c6f676765647c623a313b757365725f69647c733a313a2231223b757365725f6e616d657c733a353a2261646d696e223b757365725f726f6c657c4e3b757365725f656d61696c7c733a31353a2261646d696e4061646d696e2e636f6d223b757365725f66756c6c5f6e616d657c733a31303a22737570657261646d696e223b),
('j9g6dsqpgllgdd083ogfq4ebopunf91m', '::1', 1502700049, 0x5f5f63695f6c6173745f726567656e65726174657c693a313530323639393931383b6c6f676765647c623a313b757365725f69647c733a313a2231223b757365725f6e616d657c733a353a2261646d696e223b757365725f726f6c657c4e3b757365725f656d61696c7c733a31353a2261646d696e4061646d696e2e636f6d223b757365725f66756c6c5f6e616d657c733a31303a22737570657261646d696e223b),
('3uuaviol41b26m0dvkltcejdc863u9hg', '::1', 1502700349, 0x5f5f63695f6c6173745f726567656e65726174657c693a313530323730303234303b6c6f676765647c623a313b757365725f69647c733a313a2231223b757365725f6e616d657c733a353a2261646d696e223b757365725f726f6c657c4e3b757365725f656d61696c7c733a31353a2261646d696e4061646d696e2e636f6d223b757365725f66756c6c5f6e616d657c733a31303a22737570657261646d696e223b),
('auavtvkejme00jcctso131i98ilcslth', '::1', 1502702457, 0x5f5f63695f6c6173745f726567656e65726174657c693a313530323730323138333b6c6f676765647c623a313b757365725f69647c733a313a2231223b757365725f6e616d657c733a353a2261646d696e223b757365725f726f6c657c4e3b757365725f656d61696c7c733a31353a2261646d696e4061646d696e2e636f6d223b757365725f66756c6c5f6e616d657c733a31303a22737570657261646d696e223b),
('d65h3d5j89qah7mn526bbmsth59fau70', '::1', 1502702690, 0x5f5f63695f6c6173745f726567656e65726174657c693a313530323730323532333b6c6f676765647c623a313b757365725f69647c733a313a2231223b757365725f6e616d657c733a353a2261646d696e223b757365725f726f6c657c4e3b757365725f656d61696c7c733a31353a2261646d696e4061646d696e2e636f6d223b757365725f66756c6c5f6e616d657c733a31303a22737570657261646d696e223b),
('3spe9mk9v3ir3qofrcuolfle9v8onkk1', '::1', 1502722079, 0x5f5f63695f6c6173745f726567656e65726174657c693a313530323732323037383b),
('t6pcki907f8kftlha2moqesfa971ktl9', '::1', 1502766499, 0x5f5f63695f6c6173745f726567656e65726174657c693a313530323736363438373b6c6f676765647c623a313b757365725f69647c733a313a2231223b757365725f6e616d657c733a353a2261646d696e223b757365725f726f6c657c4e3b757365725f656d61696c7c733a31353a2261646d696e4061646d696e2e636f6d223b757365725f66756c6c5f6e616d657c733a31303a22737570657261646d696e223b),
('2o5sa8mpfi7bcjk4fka2ijdhu0oumulk', '::1', 1502777983, 0x5f5f63695f6c6173745f726567656e65726174657c693a313530323737373938333b),
('at3inbrmb00f9ns2iqom7tpvo1dr3pml', '::1', 1502778820, 0x5f5f63695f6c6173745f726567656e65726174657c693a313530323737383533333b6c6f676765647c623a313b757365725f69647c733a313a2231223b757365725f6e616d657c733a353a2261646d696e223b757365725f726f6c657c4e3b757365725f656d61696c7c733a31353a2261646d696e4061646d696e2e636f6d223b757365725f66756c6c5f6e616d657c733a31303a22737570657261646d696e223b),
('raus8blmm1n4alqa1b1do8ps57pckh1l', '::1', 1502778986, 0x5f5f63695f6c6173745f726567656e65726174657c693a313530323737383935363b6c6f676765647c623a313b757365725f69647c733a313a2231223b757365725f6e616d657c733a353a2261646d696e223b757365725f726f6c657c4e3b757365725f656d61696c7c733a31353a2261646d696e4061646d696e2e636f6d223b757365725f66756c6c5f6e616d657c733a31303a22737570657261646d696e223b),
('hg1i2u7i30ev04vhbk6o38f3o3bs31np', '::1', 1502779565, 0x5f5f63695f6c6173745f726567656e65726174657c693a313530323737393239333b6c6f676765647c623a313b757365725f69647c733a313a2231223b757365725f6e616d657c733a353a2261646d696e223b757365725f726f6c657c4e3b757365725f656d61696c7c733a31353a2261646d696e4061646d696e2e636f6d223b757365725f66756c6c5f6e616d657c733a31303a22737570657261646d696e223b),
('fit8gahjaj1mej4dqptt98qfrj8127mt', '::1', 1502779868, 0x5f5f63695f6c6173745f726567656e65726174657c693a313530323737393632303b6c6f676765647c623a313b757365725f69647c733a313a2231223b757365725f6e616d657c733a353a2261646d696e223b757365725f726f6c657c4e3b757365725f656d61696c7c733a31353a2261646d696e4061646d696e2e636f6d223b757365725f66756c6c5f6e616d657c733a31303a22737570657261646d696e223b),
('t1ca3hhuqtk9nhqr91a75m7ho453ivgb', '::1', 1502780268, 0x5f5f63695f6c6173745f726567656e65726174657c693a313530323738303031323b6c6f676765647c623a313b757365725f69647c733a313a2231223b757365725f6e616d657c733a353a2261646d696e223b757365725f726f6c657c4e3b757365725f656d61696c7c733a31353a2261646d696e4061646d696e2e636f6d223b757365725f66756c6c5f6e616d657c733a31303a22737570657261646d696e223b),
('0p8pl6i1kgneohakcok7eib6q4vrt8sn', '::1', 1502781735, 0x5f5f63695f6c6173745f726567656e65726174657c693a313530323738313532373b6c6f676765647c623a313b757365725f69647c733a313a2231223b757365725f6e616d657c733a353a2261646d696e223b757365725f726f6c657c4e3b757365725f656d61696c7c733a31353a2261646d696e4061646d696e2e636f6d223b757365725f66756c6c5f6e616d657c733a31303a22737570657261646d696e223b),
('1hpreo3gnocd6g3jdn2ld42kmaqdvqok', '::1', 1502782077, 0x5f5f63695f6c6173745f726567656e65726174657c693a313530323738323034323b6c6f676765647c623a313b757365725f69647c733a313a2231223b757365725f6e616d657c733a353a2261646d696e223b757365725f726f6c657c4e3b757365725f656d61696c7c733a31353a2261646d696e4061646d696e2e636f6d223b757365725f66756c6c5f6e616d657c733a31303a22737570657261646d696e223b),
('hm12fg3dshq0rhfb8rk001dsrc9c14vu', '::1', 1502783188, 0x5f5f63695f6c6173745f726567656e65726174657c693a313530323738323932343b6c6f676765647c623a313b757365725f69647c733a313a2231223b757365725f6e616d657c733a353a2261646d696e223b757365725f726f6c657c4e3b757365725f656d61696c7c733a31353a2261646d696e4061646d696e2e636f6d223b757365725f66756c6c5f6e616d657c733a31303a22737570657261646d696e223b),
('l2qmt94vrg99rhoaklj8dpgh0gnieno2', '::1', 1502783399, 0x5f5f63695f6c6173745f726567656e65726174657c693a313530323738333238343b6c6f676765647c623a313b757365725f69647c733a313a2231223b757365725f6e616d657c733a353a2261646d696e223b757365725f726f6c657c4e3b757365725f656d61696c7c733a31353a2261646d696e4061646d696e2e636f6d223b757365725f66756c6c5f6e616d657c733a31303a22737570657261646d696e223b),
('1tc6thhedt55gb6ou1oi2uob2cnbd6ic', '::1', 1502783983, 0x5f5f63695f6c6173745f726567656e65726174657c693a313530323738333835303b6c6f676765647c623a313b757365725f69647c733a313a2231223b757365725f6e616d657c733a353a2261646d696e223b757365725f726f6c657c4e3b757365725f656d61696c7c733a31353a2261646d696e4061646d696e2e636f6d223b757365725f66756c6c5f6e616d657c733a31303a22737570657261646d696e223b),
('keh1s95emms8n2kii43b0ugcjtt0ueft', '::1', 1502785166, 0x5f5f63695f6c6173745f726567656e65726174657c693a313530323738343936333b6c6f676765647c623a313b757365725f69647c733a313a2231223b757365725f6e616d657c733a353a2261646d696e223b757365725f726f6c657c4e3b757365725f656d61696c7c733a31353a2261646d696e4061646d696e2e636f6d223b757365725f66756c6c5f6e616d657c733a31303a22737570657261646d696e223b),
('6vmodrf3obh4vgos4vo2qtcb1h8v8b7i', '::1', 1502785495, 0x5f5f63695f6c6173745f726567656e65726174657c693a313530323738353238373b6c6f676765647c623a313b757365725f69647c733a313a2231223b757365725f6e616d657c733a353a2261646d696e223b757365725f726f6c657c4e3b757365725f656d61696c7c733a31353a2261646d696e4061646d696e2e636f6d223b757365725f66756c6c5f6e616d657c733a31303a22737570657261646d696e223b),
('6nv0qmlp4vl91uo366as6pa366ipvrrh', '::1', 1502785596, 0x5f5f63695f6c6173745f726567656e65726174657c693a313530323738353539363b6c6f676765647c623a313b757365725f69647c733a313a2231223b757365725f6e616d657c733a353a2261646d696e223b757365725f726f6c657c4e3b757365725f656d61696c7c733a31353a2261646d696e4061646d696e2e636f6d223b757365725f66756c6c5f6e616d657c733a31303a22737570657261646d696e223b),
('c2l26vao24bje4619m86lakkbvas06r3', '::1', 1502804212, 0x5f5f63695f6c6173745f726567656e65726174657c693a313530323830333939393b6c6f676765647c623a313b757365725f69647c733a313a2231223b757365725f6e616d657c733a353a2261646d696e223b757365725f726f6c657c4e3b757365725f656d61696c7c733a31353a2261646d696e4061646d696e2e636f6d223b757365725f66756c6c5f6e616d657c733a31303a22737570657261646d696e223b),
('o6ldg9loucok58aqeettt1rk4m3d4382', '::1', 1502804677, 0x5f5f63695f6c6173745f726567656e65726174657c693a313530323830343337393b6c6f676765647c623a313b757365725f69647c733a313a2231223b757365725f6e616d657c733a353a2261646d696e223b757365725f726f6c657c4e3b757365725f656d61696c7c733a31353a2261646d696e4061646d696e2e636f6d223b757365725f66756c6c5f6e616d657c733a31303a22737570657261646d696e223b),
('osbpu0icatug7qhknokbtilrj0b9dq5a', '::1', 1502804790, 0x5f5f63695f6c6173745f726567656e65726174657c693a313530323830343731343b6c6f676765647c623a313b757365725f69647c733a313a2231223b757365725f6e616d657c733a353a2261646d696e223b757365725f726f6c657c4e3b757365725f656d61696c7c733a31353a2261646d696e4061646d696e2e636f6d223b757365725f66756c6c5f6e616d657c733a31303a22737570657261646d696e223b),
('n6po7d9h5ndd2qce33l5gfu129smbj40', '::1', 1502805107, 0x5f5f63695f6c6173745f726567656e65726174657c693a313530323830353130353b6c6f676765647c623a313b757365725f69647c733a313a2231223b757365725f6e616d657c733a353a2261646d696e223b757365725f726f6c657c4e3b757365725f656d61696c7c733a31353a2261646d696e4061646d696e2e636f6d223b757365725f66756c6c5f6e616d657c733a31303a22737570657261646d696e223b),
('5jfjvujcc38tldr9k5hviop54io6c6l8', '::1', 1502805510, 0x5f5f63695f6c6173745f726567656e65726174657c693a313530323830353434343b6c6f676765647c623a313b757365725f69647c733a313a2231223b757365725f6e616d657c733a353a2261646d696e223b757365725f726f6c657c4e3b757365725f656d61696c7c733a31353a2261646d696e4061646d696e2e636f6d223b757365725f66756c6c5f6e616d657c733a31303a22737570657261646d696e223b),
('sqpr9eev19ea46mfu0p4f9ocvob9ddl8', '::1', 1502805922, 0x5f5f63695f6c6173745f726567656e65726174657c693a313530323830353735333b6c6f676765647c623a313b757365725f69647c733a313a2231223b757365725f6e616d657c733a353a2261646d696e223b757365725f726f6c657c4e3b757365725f656d61696c7c733a31353a2261646d696e4061646d696e2e636f6d223b757365725f66756c6c5f6e616d657c733a31303a22737570657261646d696e223b),
('su9jl4vfcl7adlb0lcbedrlpj1urnrls', '::1', 1502806423, 0x5f5f63695f6c6173745f726567656e65726174657c693a313530323830363133383b6c6f676765647c623a313b757365725f69647c733a313a2231223b757365725f6e616d657c733a353a2261646d696e223b757365725f726f6c657c4e3b757365725f656d61696c7c733a31353a2261646d696e4061646d696e2e636f6d223b757365725f66756c6c5f6e616d657c733a31303a22737570657261646d696e223b),
('qh578lj0547938hpseavr99a6cgses38', '::1', 1502806740, 0x5f5f63695f6c6173745f726567656e65726174657c693a313530323830363436323b6c6f676765647c623a313b757365725f69647c733a313a2231223b757365725f6e616d657c733a353a2261646d696e223b757365725f726f6c657c4e3b757365725f656d61696c7c733a31353a2261646d696e4061646d696e2e636f6d223b757365725f66756c6c5f6e616d657c733a31303a22737570657261646d696e223b),
('dv4vefvph00iu6ga239p4ddgi0iarars', '::1', 1502807469, 0x5f5f63695f6c6173745f726567656e65726174657c693a313530323830373330323b6c6f676765647c623a313b757365725f69647c733a313a2231223b757365725f6e616d657c733a353a2261646d696e223b757365725f726f6c657c4e3b757365725f656d61696c7c733a31353a2261646d696e4061646d696e2e636f6d223b757365725f66756c6c5f6e616d657c733a31303a22737570657261646d696e223b),
('2hbe8f1qfliorvhq42vub12qo1ed0fmf', '::1', 1502808986, 0x5f5f63695f6c6173745f726567656e65726174657c693a313530323830383938363b6c6f676765647c623a313b757365725f69647c733a313a2231223b757365725f6e616d657c733a353a2261646d696e223b757365725f726f6c657c4e3b757365725f656d61696c7c733a31353a2261646d696e4061646d696e2e636f6d223b757365725f66756c6c5f6e616d657c733a31303a22737570657261646d696e223b),
('0bqprds0s02fg452eu4vti4nau62hpl9', '::1', 1502810744, 0x5f5f63695f6c6173745f726567656e65726174657c693a313530323831303436353b6c6f676765647c623a313b757365725f69647c733a313a2231223b757365725f6e616d657c733a353a2261646d696e223b757365725f726f6c657c4e3b757365725f656d61696c7c733a31353a2261646d696e4061646d696e2e636f6d223b757365725f66756c6c5f6e616d657c733a31303a22737570657261646d696e223b),
('oirq7lom4a93s6jf98rmt35suvs3tq88', '::1', 1502810877, 0x5f5f63695f6c6173745f726567656e65726174657c693a313530323831303834373b6c6f676765647c623a313b757365725f69647c733a313a2231223b757365725f6e616d657c733a353a2261646d696e223b757365725f726f6c657c4e3b757365725f656d61696c7c733a31353a2261646d696e4061646d696e2e636f6d223b757365725f66756c6c5f6e616d657c733a31303a22737570657261646d696e223b),
('93smlsf0mqf9qjsdg9alk4n49r7nf5eh', '::1', 1502847939, 0x5f5f63695f6c6173745f726567656e65726174657c693a313530323834373933383b),
('nki40qd57mem0aa88tnmtm3nlshs6fqf', '::1', 1502870834, 0x5f5f63695f6c6173745f726567656e65726174657c693a313530323837303833343b),
('kcvaa2jgutfnbuktsdv2esaca5gogg22', '::1', 1502871446, 0x5f5f63695f6c6173745f726567656e65726174657c693a313530323837313232363b),
('lucfjqkntolrn1d3kfs40ae1cm8nos48', '::1', 1502873627, 0x5f5f63695f6c6173745f726567656e65726174657c693a313530323837333632373b),
('eno533chbgpf0o72h0lfd48cs06d4ael', '::1', 1502875837, 0x5f5f63695f6c6173745f726567656e65726174657c693a313530323837353631363b6c6f676765647c623a313b757365725f69647c733a313a2231223b757365725f6e616d657c733a353a2261646d696e223b757365725f726f6c657c4e3b757365725f656d61696c7c733a31353a2261646d696e4061646d696e2e636f6d223b757365725f66756c6c5f6e616d657c733a31303a22737570657261646d696e223b),
('opgo3uhkijhfc5ks0kd4s8h202ovrsdj', '::1', 1502876548, 0x5f5f63695f6c6173745f726567656e65726174657c693a313530323837363430383b6c6f676765647c623a313b757365725f69647c733a313a2231223b757365725f6e616d657c733a353a2261646d696e223b757365725f726f6c657c4e3b757365725f656d61696c7c733a31353a2261646d696e4061646d696e2e636f6d223b757365725f66756c6c5f6e616d657c733a31303a22737570657261646d696e223b),
('kk6p5lojdaa02mjjjcrtchdn5g34qk5q', '::1', 1502902902, 0x5f5f63695f6c6173745f726567656e65726174657c693a313530323930323639363b6c6f676765647c623a313b757365725f69647c733a313a2231223b757365725f6e616d657c733a353a2261646d696e223b757365725f726f6c657c4e3b757365725f656d61696c7c733a31353a2261646d696e4061646d696e2e636f6d223b757365725f66756c6c5f6e616d657c733a31303a22737570657261646d696e223b),
('h4942740qar5391rrqrkou4185t0t126', '::1', 1502910634, 0x5f5f63695f6c6173745f726567656e65726174657c693a313530323931303633333b),
('bk2i2ge4n9s3achfarffrc012gklvg8j', '::1', 1502910904, 0x5f5f63695f6c6173745f726567656e65726174657c693a313530323931303633333b),
('gevhvb3pjhejfhn888mcrkq7g4bm6gka', '::1', 1502911228, 0x5f5f63695f6c6173745f726567656e65726174657c693a313530323931303933383b),
('2tfpaumscgbnbfqujddl6etvm33dj1qa', '::1', 1502911425, 0x5f5f63695f6c6173745f726567656e65726174657c693a313530323931313234383b),
('4mtsopn0btbv5b9mjmqaqmp8sof1esf9', '::1', 1502911859, 0x5f5f63695f6c6173745f726567656e65726174657c693a313530323931313537393b),
('17clubf6fbr87tnp47i4n002ua8foe6p', '::1', 1502912544, 0x5f5f63695f6c6173745f726567656e65726174657c693a313530323931323339363b),
('4di5m9g4130haijcnpldn0fi02ducuae', '::1', 1502913376, 0x5f5f63695f6c6173745f726567656e65726174657c693a313530323931333136323b),
('n7g61amjbsg7r98ina2tjoavlkbr8nrq', '::1', 1502913531, 0x5f5f63695f6c6173745f726567656e65726174657c693a313530323931333436383b),
('cq63kv2jard03183dekmptkbl99v4kp5', '::1', 1502914345, 0x5f5f63695f6c6173745f726567656e65726174657c693a313530323931343037353b),
('c7fue65cuoc0i38qqhi0n5q0jpsfkgsf', '::1', 1502914685, 0x5f5f63695f6c6173745f726567656e65726174657c693a313530323931343431313b),
('68ormmavvivajavo7p0255cfsno8luvg', '::1', 1502914877, 0x5f5f63695f6c6173745f726567656e65726174657c693a313530323931343732323b),
('0sla1a1lihg7pg9g24bt390np6qq2aqt', '::1', 1502915291, 0x5f5f63695f6c6173745f726567656e65726174657c693a313530323931353039313b),
('tiqc33joigce673f220sb4moc9usf73v', '::1', 1502915519, 0x5f5f63695f6c6173745f726567656e65726174657c693a313530323931353436353b),
('msf6if4s1pa19feiqmgn2v6pl5dft684', '::1', 1502974544, 0x5f5f63695f6c6173745f726567656e65726174657c693a313530323937343338313b6c6f676765647c623a313b757365725f69647c733a313a2231223b757365725f6e616d657c733a353a2261646d696e223b757365725f726f6c657c4e3b757365725f656d61696c7c733a31353a2261646d696e4061646d696e2e636f6d223b757365725f66756c6c5f6e616d657c733a31303a22737570657261646d696e223b),
('q0qijmgnahnvs95c9r2uj5iksuggjran', '::1', 1502974850, 0x5f5f63695f6c6173745f726567656e65726174657c693a313530323937343833343b6c6f676765647c623a313b757365725f69647c733a313a2231223b757365725f6e616d657c733a353a2261646d696e223b757365725f726f6c657c4e3b757365725f656d61696c7c733a31353a2261646d696e4061646d696e2e636f6d223b757365725f66756c6c5f6e616d657c733a31303a22737570657261646d696e223b),
('rpm37l2b6j6u4hrk086jdhduij4jk0q9', '::1', 1502976548, 0x5f5f63695f6c6173745f726567656e65726174657c693a313530323937363236343b6c6f676765647c623a313b757365725f69647c733a313a2231223b757365725f6e616d657c733a353a2261646d696e223b757365725f726f6c657c4e3b757365725f656d61696c7c733a31353a2261646d696e4061646d696e2e636f6d223b757365725f66756c6c5f6e616d657c733a31303a22737570657261646d696e223b),
('jecf0mqei0jujla086kqbd35df33mjd2', '::1', 1502978865, 0x5f5f63695f6c6173745f726567656e65726174657c693a313530323937383836343b6c6f676765647c623a313b757365725f69647c733a313a2231223b757365725f6e616d657c733a353a2261646d696e223b757365725f726f6c657c4e3b757365725f656d61696c7c733a31353a2261646d696e4061646d696e2e636f6d223b757365725f66756c6c5f6e616d657c733a31303a22737570657261646d696e223b),
('su6m2ashsnih6mo8d1fh5igo9o0ipsmh', '::1', 1502979507, 0x5f5f63695f6c6173745f726567656e65726174657c693a313530323937393232363b6c6f676765647c623a313b757365725f69647c733a313a2231223b757365725f6e616d657c733a353a2261646d696e223b757365725f726f6c657c4e3b757365725f656d61696c7c733a31353a2261646d696e4061646d696e2e636f6d223b757365725f66756c6c5f6e616d657c733a31303a22737570657261646d696e223b),
('0amc0uptqfjukjfpul3pu13t11t5eun7', '::1', 1502979709, 0x5f5f63695f6c6173745f726567656e65726174657c693a313530323937393533373b6c6f676765647c623a313b757365725f69647c733a313a2231223b757365725f6e616d657c733a353a2261646d696e223b757365725f726f6c657c4e3b757365725f656d61696c7c733a31353a2261646d696e4061646d696e2e636f6d223b757365725f66756c6c5f6e616d657c733a31303a22737570657261646d696e223b),
('acmnen0par9mblhnc9ptjvo50p4btv23', '::1', 1502980367, 0x5f5f63695f6c6173745f726567656e65726174657c693a313530323938303039353b6c6f676765647c623a313b757365725f69647c733a313a2231223b757365725f6e616d657c733a353a2261646d696e223b757365725f726f6c657c4e3b757365725f656d61696c7c733a31353a2261646d696e4061646d696e2e636f6d223b757365725f66756c6c5f6e616d657c733a31303a22737570657261646d696e223b),
('j7n009n7efttdc332nuo1kq8ufftsl69', '::1', 1502980398, 0x5f5f63695f6c6173745f726567656e65726174657c693a313530323938303339383b6c6f676765647c623a313b757365725f69647c733a313a2231223b757365725f6e616d657c733a353a2261646d696e223b757365725f726f6c657c4e3b757365725f656d61696c7c733a31353a2261646d696e4061646d696e2e636f6d223b757365725f66756c6c5f6e616d657c733a31303a22737570657261646d696e223b),
('ph824f35slgv27s5rrgknveejp9p2jgm', '::1', 1503050185, 0x5f5f63695f6c6173745f726567656e65726174657c693a313530333035303138353b),
('b61pq3qn4o2vlhh5h7roqr360ka6b7gf', '::1', 1503050819, 0x5f5f63695f6c6173745f726567656e65726174657c693a313530333035303630333b),
('3iue528mv5e3ku60nlg2rlpi1ilu9iti', '::1', 1503063476, 0x5f5f63695f6c6173745f726567656e65726174657c693a313530333036333236353b6c6f676765647c623a313b757365725f69647c733a313a2231223b757365725f6e616d657c733a353a2261646d696e223b757365725f726f6c657c4e3b757365725f656d61696c7c733a31353a2261646d696e4061646d696e2e636f6d223b757365725f66756c6c5f6e616d657c733a31303a22737570657261646d696e223b),
('meejost1omejq7fu8nr5q47hfifo20es', '::1', 1503063810, 0x5f5f63695f6c6173745f726567656e65726174657c693a313530333036333831303b6c6f676765647c623a313b757365725f69647c733a313a2231223b757365725f6e616d657c733a353a2261646d696e223b757365725f726f6c657c4e3b757365725f656d61696c7c733a31353a2261646d696e4061646d696e2e636f6d223b757365725f66756c6c5f6e616d657c733a31303a22737570657261646d696e223b),
('k9pnpfep9f7q1ukq58db55d67es1mrok', '::1', 1503064747, 0x5f5f63695f6c6173745f726567656e65726174657c693a313530333036343734373b6c6f676765647c623a313b757365725f69647c733a313a2231223b757365725f6e616d657c733a353a2261646d696e223b757365725f726f6c657c4e3b757365725f656d61696c7c733a31353a2261646d696e4061646d696e2e636f6d223b757365725f66756c6c5f6e616d657c733a31303a22737570657261646d696e223b),
('qjfaod88n3e77g1t0a4dta80eb3q2rnc', '::1', 1503065667, 0x5f5f63695f6c6173745f726567656e65726174657c693a313530333036353137313b6c6f676765647c623a313b757365725f69647c733a313a2231223b757365725f6e616d657c733a353a2261646d696e223b757365725f726f6c657c4e3b757365725f656d61696c7c733a31353a2261646d696e4061646d696e2e636f6d223b757365725f66756c6c5f6e616d657c733a31303a22737570657261646d696e223b),
('svs9mjeektiihl60te40cfd9dvrf5mqj', '::1', 1503065699, 0x5f5f63695f6c6173745f726567656e65726174657c693a313530333036353636393b6c6f676765647c623a313b757365725f69647c733a313a2231223b757365725f6e616d657c733a353a2261646d696e223b757365725f726f6c657c4e3b757365725f656d61696c7c733a31353a2261646d696e4061646d696e2e636f6d223b757365725f66756c6c5f6e616d657c733a31303a22737570657261646d696e223b),
('l33840qf6ho9pc6png9q420p53jr0rdb', '::1', 1503070373, 0x5f5f63695f6c6173745f726567656e65726174657c693a313530333037303133383b6c6f676765647c623a313b757365725f69647c733a313a2231223b757365725f6e616d657c733a353a2261646d696e223b757365725f726f6c657c4e3b757365725f656d61696c7c733a31353a2261646d696e4061646d696e2e636f6d223b757365725f66756c6c5f6e616d657c733a31303a22737570657261646d696e223b),
('doi98fb57c2hh2u7vv102iq9uip8fj6m', '::1', 1503070677, 0x5f5f63695f6c6173745f726567656e65726174657c693a313530333037303434303b6c6f676765647c623a313b757365725f69647c733a313a2231223b757365725f6e616d657c733a353a2261646d696e223b757365725f726f6c657c4e3b757365725f656d61696c7c733a31353a2261646d696e4061646d696e2e636f6d223b757365725f66756c6c5f6e616d657c733a31303a22737570657261646d696e223b),
('1js48chrf64fv3mlj8ud6v0nas13r2ne', '::1', 1503070966, 0x5f5f63695f6c6173745f726567656e65726174657c693a313530333037303734313b6c6f676765647c623a313b757365725f69647c733a313a2231223b757365725f6e616d657c733a353a2261646d696e223b757365725f726f6c657c4e3b757365725f656d61696c7c733a31353a2261646d696e4061646d696e2e636f6d223b757365725f66756c6c5f6e616d657c733a31303a22737570657261646d696e223b),
('6rivltkra24sli0o3641q75fg9dnjkts', '::1', 1503108034, 0x5f5f63695f6c6173745f726567656e65726174657c693a313530333130383031373b6c6f676765647c623a313b757365725f69647c733a313a2231223b757365725f6e616d657c733a353a2261646d696e223b757365725f726f6c657c4e3b757365725f656d61696c7c733a31353a2261646d696e4061646d696e2e636f6d223b757365725f66756c6c5f6e616d657c733a31303a22737570657261646d696e223b),
('ep9s914i5u76e860ncc61rsm0elun0nh', '::1', 1503110880, 0x5f5f63695f6c6173745f726567656e65726174657c693a313530333131303639363b6c6f676765647c623a313b757365725f69647c733a313a2231223b757365725f6e616d657c733a353a2261646d696e223b757365725f726f6c657c4e3b757365725f656d61696c7c733a31353a2261646d696e4061646d696e2e636f6d223b757365725f66756c6c5f6e616d657c733a31303a22737570657261646d696e223b),
('4d31061bbch04qdqs635ucumj8sg7ski', '::1', 1503111578, 0x5f5f63695f6c6173745f726567656e65726174657c693a313530333131313238363b6c6f676765647c623a313b757365725f69647c733a313a2231223b757365725f6e616d657c733a353a2261646d696e223b757365725f726f6c657c4e3b757365725f656d61696c7c733a31353a2261646d696e4061646d696e2e636f6d223b757365725f66756c6c5f6e616d657c733a31303a22737570657261646d696e223b),
('qq0tc8scei5ve6f3rrhbv91d3vqrga2g', '::1', 1503111789, 0x5f5f63695f6c6173745f726567656e65726174657c693a313530333131313632383b6c6f676765647c623a313b757365725f69647c733a313a2231223b757365725f6e616d657c733a353a2261646d696e223b757365725f726f6c657c4e3b757365725f656d61696c7c733a31353a2261646d696e4061646d696e2e636f6d223b757365725f66756c6c5f6e616d657c733a31303a22737570657261646d696e223b),
('g1h4i8fq2r1il248b48sdp5l5lienikp', '::1', 1503112465, 0x5f5f63695f6c6173745f726567656e65726174657c693a313530333131323230373b6c6f676765647c623a313b757365725f69647c733a313a2231223b757365725f6e616d657c733a353a2261646d696e223b757365725f726f6c657c4e3b757365725f656d61696c7c733a31353a2261646d696e4061646d696e2e636f6d223b757365725f66756c6c5f6e616d657c733a31303a22737570657261646d696e223b),
('qkb2up5lst6ko5in5o38ecghoo3e24ke', '::1', 1503122738, 0x5f5f63695f6c6173745f726567656e65726174657c693a313530333132323537373b),
('0l93ci4kguivuvvpd5jfsfjhfmi69kca', '::1', 1503297108, 0x5f5f63695f6c6173745f726567656e65726174657c693a313530333239363831393b),
('rrqlc97rvdjkuldqs8gld2nq0qhnm549', '::1', 1503297471, 0x5f5f63695f6c6173745f726567656e65726174657c693a313530333239373138353b),
('vvt7lh5qu6avd5r5vf5fbdm7hc0ghe6e', '::1', 1503297858, 0x5f5f63695f6c6173745f726567656e65726174657c693a313530333239373538363b),
('117ofgkbcr9c9afc908p5j3r0fdnmsr6', '::1', 1503298016, 0x5f5f63695f6c6173745f726567656e65726174657c693a313530333239373937303b),
('k7gukv3ork6mme13vnjrvkat8kih8hkt', '::1', 1503299271, 0x5f5f63695f6c6173745f726567656e65726174657c693a313530333239393033383b),
('vr9h26hjn3g3am7okjatq2s24v9bpurb', '::1', 1503299538, 0x5f5f63695f6c6173745f726567656e65726174657c693a313530333239393334343b),
('fkc8cl63auk0eod6pfvrgj19noo6ahbq', '::1', 1503299980, 0x5f5f63695f6c6173745f726567656e65726174657c693a313530333239393931393b),
('67o4aphf8sha1dnp24gs66fr9pfm4j3a', '::1', 1503302187, 0x5f5f63695f6c6173745f726567656e65726174657c693a313530333330313930353b),
('m4trmhcvs54imtrsp399nfd3mp8168sd', '::1', 1503302414, 0x5f5f63695f6c6173745f726567656e65726174657c693a313530333330323232393b),
('ht85avdn1udanr25f1le3en968821soe', '::1', 1503302834, 0x5f5f63695f6c6173745f726567656e65726174657c693a313530333330323634393b),
('b62gmfhig741c5ouffsiijmrl45ihh9p', '::1', 1503303428, 0x5f5f63695f6c6173745f726567656e65726174657c693a313530333330333136363b),
('8l2lq8njggo1ac0sn69rnm3e9kbf36tg', '::1', 1503303763, 0x5f5f63695f6c6173745f726567656e65726174657c693a313530333330333438373b),
('4eihnsptqrhse5378ko69np3pdrt8714', '::1', 1503304043, 0x5f5f63695f6c6173745f726567656e65726174657c693a313530333330333739373b),
('7g9hlqq3otn0iv1n7bu6gat55ol3nie6', '::1', 1503304486, 0x5f5f63695f6c6173745f726567656e65726174657c693a313530333330343139383b6c6f676765647c623a313b757365725f69647c733a313a2231223b757365725f6e616d657c733a353a2261646d696e223b757365725f726f6c657c4e3b757365725f656d61696c7c733a31353a2261646d696e4061646d696e2e636f6d223b757365725f66756c6c5f6e616d657c733a31303a22737570657261646d696e223b),
('peboth6pg0gho4etu0175p63nqk0nu85', '::1', 1503304722, 0x5f5f63695f6c6173745f726567656e65726174657c693a313530333330343636323b6c6f676765647c623a313b757365725f69647c733a313a2231223b757365725f6e616d657c733a353a2261646d696e223b757365725f726f6c657c4e3b757365725f656d61696c7c733a31353a2261646d696e4061646d696e2e636f6d223b757365725f66756c6c5f6e616d657c733a31303a22737570657261646d696e223b),
('5vh2b8aojkrcdgn60a82q4p39oc9r0h3', '::1', 1503306010, 0x5f5f63695f6c6173745f726567656e65726174657c693a313530333330353736323b6c6f676765647c623a313b757365725f69647c733a313a2231223b757365725f6e616d657c733a353a2261646d696e223b757365725f726f6c657c4e3b757365725f656d61696c7c733a31353a2261646d696e4061646d696e2e636f6d223b757365725f66756c6c5f6e616d657c733a31303a22737570657261646d696e223b),
('qgg970fnpp6hj71c1mhd762tk8dufh0q', '::1', 1503306083, 0x5f5f63695f6c6173745f726567656e65726174657c693a313530333330363038333b6c6f676765647c623a313b757365725f69647c733a313a2231223b757365725f6e616d657c733a353a2261646d696e223b757365725f726f6c657c4e3b757365725f656d61696c7c733a31353a2261646d696e4061646d696e2e636f6d223b757365725f66756c6c5f6e616d657c733a31303a22737570657261646d696e223b),
('504ofrnjlblt8oindpgbi3sml1m8o4os', '::1', 1503307514, 0x5f5f63695f6c6173745f726567656e65726174657c693a313530333330373231343b6c6f676765647c623a313b757365725f69647c733a313a2231223b757365725f6e616d657c733a353a2261646d696e223b757365725f726f6c657c4e3b757365725f656d61696c7c733a31353a2261646d696e4061646d696e2e636f6d223b757365725f66756c6c5f6e616d657c733a31303a22737570657261646d696e223b),
('gh2snhq8t4s3f47929vcru5dvan6lojv', '::1', 1503307541, 0x5f5f63695f6c6173745f726567656e65726174657c693a313530333330373532373b6c6f676765647c623a313b757365725f69647c733a313a2231223b757365725f6e616d657c733a353a2261646d696e223b757365725f726f6c657c4e3b757365725f656d61696c7c733a31353a2261646d696e4061646d696e2e636f6d223b757365725f66756c6c5f6e616d657c733a31303a22737570657261646d696e223b),
('5d1cgaqhlfcnpm4sk252f5pv91oe4nm1', '::1', 1503394715, 0x5f5f63695f6c6173745f726567656e65726174657c693a313530333339343431363b),
('j570kib69avdos5t7rnkul96876ig32d', '::1', 1503394849, 0x5f5f63695f6c6173745f726567656e65726174657c693a313530333339343732353b),
('aqfq0rhv0im0muflqgeu9esae2rj1rg4', '::1', 1503584962, 0x5f5f63695f6c6173745f726567656e65726174657c693a313530333538343736303b),
('74d2iq33ph638gocek0cq7mplblltcbl', '::1', 1503585130, 0x5f5f63695f6c6173745f726567656e65726174657c693a313530333538353131383b),
('cfv26ggkuvgr7takblm4uvehnvjdsrf9', '::1', 1503589912, 0x5f5f63695f6c6173745f726567656e65726174657c693a313530333538393930323b),
('0jg8v7jrv4q3uj4povuob7libch83cnf', '::1', 1503590272, 0x5f5f63695f6c6173745f726567656e65726174657c693a313530333539303237323b),
('dkp3k1fne492lvim7k35ojadb8krhfda', '::1', 1503590669, 0x5f5f63695f6c6173745f726567656e65726174657c693a313530333539303630303b),
('s69b5qtheaa3c9k1df924u9h81p5fg6b', '::1', 1503591786, 0x5f5f63695f6c6173745f726567656e65726174657c693a313530333539313733353b),
('7hjk98lae79d3tmji4c49d6eoarmiaqs', '::1', 1503592131, 0x5f5f63695f6c6173745f726567656e65726174657c693a313530333539323133313b),
('6r9pn3m9ttb7hmuur7d7qtrm46tjip8e', '::1', 1503594139, 0x5f5f63695f6c6173745f726567656e65726174657c693a313530333539343132303b),
('ab97vhmlv340m0pn30dtj34aj2grjmu2', '::1', 1503672186, 0x5f5f63695f6c6173745f726567656e65726174657c693a313530333637313934393b),
('c2qhils3nhnh2e1all5cs0p9ulpf6t76', '::1', 1503675402, 0x5f5f63695f6c6173745f726567656e65726174657c693a313530333637353130333b6c6f676765647c623a313b757365725f69647c733a313a2231223b757365725f6e616d657c733a353a2261646d696e223b757365725f726f6c657c4e3b757365725f656d61696c7c733a31353a2261646d696e4061646d696e2e636f6d223b757365725f66756c6c5f6e616d657c733a31303a22737570657261646d696e223b),
('778r1d5bh3mmc73jfkshthbpvffaj50q', '::1', 1503675725, 0x5f5f63695f6c6173745f726567656e65726174657c693a313530333637353434373b6c6f676765647c623a313b757365725f69647c733a313a2231223b757365725f6e616d657c733a353a2261646d696e223b757365725f726f6c657c4e3b757365725f656d61696c7c733a31353a2261646d696e4061646d696e2e636f6d223b757365725f66756c6c5f6e616d657c733a31303a22737570657261646d696e223b),
('3qigf5g7tniafsmu5oiod07vlr0mlfqt', '::1', 1503675755, 0x5f5f63695f6c6173745f726567656e65726174657c693a313530333637353735303b6c6f676765647c623a313b757365725f69647c733a313a2231223b757365725f6e616d657c733a353a2261646d696e223b757365725f726f6c657c4e3b757365725f656d61696c7c733a31353a2261646d696e4061646d696e2e636f6d223b757365725f66756c6c5f6e616d657c733a31303a22737570657261646d696e223b),
('qqlh81jk86u0f3etlf76cka7hd5sevkd', '::1', 1503742765, 0x5f5f63695f6c6173745f726567656e65726174657c693a313530333734323734393b),
('i3hqnlh45kks5i4n6jlfrfhs9lndjluo', '::1', 1503747966, 0x5f5f63695f6c6173745f726567656e65726174657c693a313530333734373732313b),
('e9ptkt3fr3p19ufbh7u7mnrfr5t4c3qk', '::1', 1503765231, 0x5f5f63695f6c6173745f726567656e65726174657c693a313530333736353233313b),
('f628t56u595k11ho3ejd03aa90gmpkfo', '::1', 1503767420, 0x5f5f63695f6c6173745f726567656e65726174657c693a313530333736373133393b6c6f676765647c623a313b757365725f69647c733a313a2231223b757365725f6e616d657c733a353a2261646d696e223b757365725f726f6c657c4e3b757365725f656d61696c7c733a31353a2261646d696e4061646d696e2e636f6d223b757365725f66756c6c5f6e616d657c733a31303a22737570657261646d696e223b),
('eqmofj6cdbhfgng37cnodp459lod8uv0', '::1', 1503767457, 0x5f5f63695f6c6173745f726567656e65726174657c693a313530333736373435373b6c6f676765647c623a313b757365725f69647c733a313a2231223b757365725f6e616d657c733a353a2261646d696e223b757365725f726f6c657c4e3b757365725f656d61696c7c733a31353a2261646d696e4061646d696e2e636f6d223b757365725f66756c6c5f6e616d657c733a31303a22737570657261646d696e223b),
('qgge0sauh944hlgtkbtmrof3j7k1kq9f', '::1', 1503767970, 0x5f5f63695f6c6173745f726567656e65726174657c693a313530333736373937303b6c6f676765647c623a313b757365725f69647c733a313a2231223b757365725f6e616d657c733a353a2261646d696e223b757365725f726f6c657c4e3b757365725f656d61696c7c733a31353a2261646d696e4061646d696e2e636f6d223b757365725f66756c6c5f6e616d657c733a31303a22737570657261646d696e223b),
('cgiri3dqcdd8q7n5irh34v6jvqgagq30', '::1', 1503768362, 0x5f5f63695f6c6173745f726567656e65726174657c693a313530333736383239373b6c6f676765647c623a313b757365725f69647c733a313a2231223b757365725f6e616d657c733a353a2261646d696e223b757365725f726f6c657c4e3b757365725f656d61696c7c733a31353a2261646d696e4061646d696e2e636f6d223b757365725f66756c6c5f6e616d657c733a31303a22737570657261646d696e223b),
('42me3sunibe354ekld20ai9lffdksc79', '::1', 1503768693, 0x5f5f63695f6c6173745f726567656e65726174657c693a313530333736383631343b6c6f676765647c623a313b757365725f69647c733a313a2231223b757365725f6e616d657c733a353a2261646d696e223b757365725f726f6c657c4e3b757365725f656d61696c7c733a31353a2261646d696e4061646d696e2e636f6d223b757365725f66756c6c5f6e616d657c733a31303a22737570657261646d696e223b),
('69ci1dlnrh5ahkrkdq6sgucgmd2a7g7p', '::1', 1503770155, 0x5f5f63695f6c6173745f726567656e65726174657c693a313530333737303135353b6c6f676765647c623a313b757365725f69647c733a313a2231223b757365725f6e616d657c733a353a2261646d696e223b757365725f726f6c657c4e3b757365725f656d61696c7c733a31353a2261646d696e4061646d696e2e636f6d223b757365725f66756c6c5f6e616d657c733a31303a22737570657261646d696e223b),
('h3p3v0lrh8e88bqs7uhbrvqan8112fk7', '::1', 1503926839, 0x5f5f63695f6c6173745f726567656e65726174657c693a313530333932363833393b),
('7nh4tkbtmt5457474h8ju581s77dkacq', '::1', 1503926893, 0x5f5f63695f6c6173745f726567656e65726174657c693a313530333932363833393b6c6f676765647c623a313b757365725f69647c733a313a2231223b757365725f6e616d657c733a353a2261646d696e223b757365725f726f6c657c4e3b757365725f656d61696c7c733a31353a2261646d696e4061646d696e2e636f6d223b757365725f66756c6c5f6e616d657c733a31303a22737570657261646d696e223b),
('lu5g8buh2smp9u0nsq6500bhcsvbnva8', '::1', 1503927263, 0x5f5f63695f6c6173745f726567656e65726174657c693a313530333932373139323b6c6f676765647c623a313b757365725f69647c733a313a2231223b757365725f6e616d657c733a353a2261646d696e223b757365725f726f6c657c4e3b757365725f656d61696c7c733a31353a2261646d696e4061646d696e2e636f6d223b757365725f66756c6c5f6e616d657c733a31303a22737570657261646d696e223b),
('fsgcgop221k5ut24j8skjqvhti7q22ot', '::1', 1503927831, 0x5f5f63695f6c6173745f726567656e65726174657c693a313530333932373634333b6c6f676765647c623a313b757365725f69647c733a313a2231223b757365725f6e616d657c733a353a2261646d696e223b757365725f726f6c657c4e3b757365725f656d61696c7c733a31353a2261646d696e4061646d696e2e636f6d223b757365725f66756c6c5f6e616d657c733a31303a22737570657261646d696e223b),
('iog30fh4167dn182pqlku0a35m2i46a6', '::1', 1503928081, 0x5f5f63695f6c6173745f726567656e65726174657c693a313530333932373937393b6c6f676765647c623a313b757365725f69647c733a313a2231223b757365725f6e616d657c733a353a2261646d696e223b757365725f726f6c657c4e3b757365725f656d61696c7c733a31353a2261646d696e4061646d696e2e636f6d223b757365725f66756c6c5f6e616d657c733a31303a22737570657261646d696e223b),
('0mb1u5j77u3u3mj240j8ok51rfelnbnp', '::1', 1503928712, 0x5f5f63695f6c6173745f726567656e65726174657c693a313530333932383731323b6c6f676765647c623a313b757365725f69647c733a313a2231223b757365725f6e616d657c733a353a2261646d696e223b757365725f726f6c657c4e3b757365725f656d61696c7c733a31353a2261646d696e4061646d696e2e636f6d223b757365725f66756c6c5f6e616d657c733a31303a22737570657261646d696e223b),
('nhbqhkqfl5oguj7ib621nurrduc14751', '::1', 1503929254, 0x5f5f63695f6c6173745f726567656e65726174657c693a313530333932383731323b6c6f676765647c623a313b757365725f69647c733a313a2231223b757365725f6e616d657c733a353a2261646d696e223b757365725f726f6c657c4e3b757365725f656d61696c7c733a31353a2261646d696e4061646d696e2e636f6d223b757365725f66756c6c5f6e616d657c733a31303a22737570657261646d696e223b),
('o4peo6jkvdhpfo2aophs72u9kru0mkco', '::1', 1503929561, 0x5f5f63695f6c6173745f726567656e65726174657c693a313530333932393333363b6c6f676765647c623a313b757365725f69647c733a313a2231223b757365725f6e616d657c733a353a2261646d696e223b757365725f726f6c657c4e3b757365725f656d61696c7c733a31353a2261646d696e4061646d696e2e636f6d223b757365725f66756c6c5f6e616d657c733a31303a22737570657261646d696e223b),
('bkpqfjn5fllniq9gck12lq0ofpbgbbne', '::1', 1503930092, 0x5f5f63695f6c6173745f726567656e65726174657c693a313530333932393637333b6c6f676765647c623a313b757365725f69647c733a313a2231223b757365725f6e616d657c733a353a2261646d696e223b757365725f726f6c657c4e3b757365725f656d61696c7c733a31353a2261646d696e4061646d696e2e636f6d223b757365725f66756c6c5f6e616d657c733a31303a22737570657261646d696e223b),
('br9d5cdc17c5bmtlqjtvmgnb44o3ogv9', '::1', 1503930276, 0x5f5f63695f6c6173745f726567656e65726174657c693a313530333933303130343b6c6f676765647c623a313b757365725f69647c733a313a2231223b757365725f6e616d657c733a353a2261646d696e223b757365725f726f6c657c4e3b757365725f656d61696c7c733a31353a2261646d696e4061646d696e2e636f6d223b757365725f66756c6c5f6e616d657c733a31303a22737570657261646d696e223b),
('bioqqelq0g223p169dka452m0m2qvn1n', '::1', 1503930732, 0x5f5f63695f6c6173745f726567656e65726174657c693a313530333933303433383b6c6f676765647c623a313b757365725f69647c733a313a2231223b757365725f6e616d657c733a353a2261646d696e223b757365725f726f6c657c4e3b757365725f656d61696c7c733a31353a2261646d696e4061646d696e2e636f6d223b757365725f66756c6c5f6e616d657c733a31303a22737570657261646d696e223b),
('h4dc4kduuv6i0gsh9631a3qvr89qv6fr', '::1', 1503931232, 0x5f5f63695f6c6173745f726567656e65726174657c693a313530333933313233303b6c6f676765647c623a313b757365725f69647c733a313a2231223b757365725f6e616d657c733a353a2261646d696e223b757365725f726f6c657c4e3b757365725f656d61696c7c733a31353a2261646d696e4061646d696e2e636f6d223b757365725f66756c6c5f6e616d657c733a31303a22737570657261646d696e223b),
('c6tbco3s6g4geev43jmm4gt78mvj575b', '::1', 1503931603, 0x5f5f63695f6c6173745f726567656e65726174657c693a313530333933313630333b6c6f676765647c623a313b757365725f69647c733a313a2231223b757365725f6e616d657c733a353a2261646d696e223b757365725f726f6c657c4e3b757365725f656d61696c7c733a31353a2261646d696e4061646d696e2e636f6d223b757365725f66756c6c5f6e616d657c733a31303a22737570657261646d696e223b),
('8bgc5l2otfiurguoivl4j4ifg07l0u37', '::1', 1503932548, 0x5f5f63695f6c6173745f726567656e65726174657c693a313530333933323238313b6c6f676765647c623a313b757365725f69647c733a313a2231223b757365725f6e616d657c733a353a2261646d696e223b757365725f726f6c657c4e3b757365725f656d61696c7c733a31353a2261646d696e4061646d696e2e636f6d223b757365725f66756c6c5f6e616d657c733a31303a22737570657261646d696e223b),
('u6r2qo8v2epeci3dl005060nbt1dlln4', '::1', 1503932671, 0x5f5f63695f6c6173745f726567656e65726174657c693a313530333933323633303b6c6f676765647c623a313b757365725f69647c733a313a2231223b757365725f6e616d657c733a353a2261646d696e223b757365725f726f6c657c4e3b757365725f656d61696c7c733a31353a2261646d696e4061646d696e2e636f6d223b757365725f66756c6c5f6e616d657c733a31303a22737570657261646d696e223b),
('he2oh5k3cuenq7oj9r70piqel9ias10m', '::1', 1503977097, 0x5f5f63695f6c6173745f726567656e65726174657c693a313530333937373039373b),
('59vpm2bh6o2p5tquvl3a4mogq7630q1f', '::1', 1503977216, 0x5f5f63695f6c6173745f726567656e65726174657c693a313530333937373039373b6c6f676765647c623a313b757365725f69647c733a313a2231223b757365725f6e616d657c733a353a2261646d696e223b757365725f726f6c657c4e3b757365725f656d61696c7c733a31353a2261646d696e4061646d696e2e636f6d223b757365725f66756c6c5f6e616d657c733a31303a22737570657261646d696e223b),
('nhfq03imb2m1i066471s6c47hmk6jikq', '::1', 1503977660, 0x5f5f63695f6c6173745f726567656e65726174657c693a313530333937373432343b6c6f676765647c623a313b757365725f69647c733a313a2231223b757365725f6e616d657c733a353a2261646d696e223b757365725f726f6c657c4e3b757365725f656d61696c7c733a31353a2261646d696e4061646d696e2e636f6d223b757365725f66756c6c5f6e616d657c733a31303a22737570657261646d696e223b),
('i9bbuvtk6pk2glsl9ugcvoinjvrhl74k', '::1', 1503988833, 0x5f5f63695f6c6173745f726567656e65726174657c693a313530333938383833333b),
('1oc5g1h7r0g9tsrf7useut4te9svbj6a', '::1', 1503990938, 0x5f5f63695f6c6173745f726567656e65726174657c693a313530333939303837363b),
('ptudbfaegfpq43nqnnul8m879n77v4e1', '::1', 1503992591, 0x5f5f63695f6c6173745f726567656e65726174657c693a313530333939323439353b),
('rkjcccaqg7kk7g32u4h41sdcfv9mq7mb', '::1', 1503998019, 0x5f5f63695f6c6173745f726567656e65726174657c693a313530333939383031383b),
('j5o7u7tjulk1rbdottj6vand8t468igg', '::1', 1503998106, 0x5f5f63695f6c6173745f726567656e65726174657c693a313530333939383031393b6c6f676765647c623a313b757365725f69647c733a313a2231223b757365725f6e616d657c733a353a2261646d696e223b757365725f726f6c657c4e3b757365725f656d61696c7c733a31353a2261646d696e4061646d696e2e636f6d223b757365725f66756c6c5f6e616d657c733a31303a22737570657261646d696e223b),
('f967a8mluodgasois2756ts0pbc8i36g', '::1', 1504019484, 0x5f5f63695f6c6173745f726567656e65726174657c693a313530343031393232363b6c6f676765647c623a313b757365725f69647c733a313a2231223b757365725f6e616d657c733a353a2261646d696e223b757365725f726f6c657c4e3b757365725f656d61696c7c733a31353a2261646d696e4061646d696e2e636f6d223b757365725f66756c6c5f6e616d657c733a31303a22737570657261646d696e223b),
('m9kbc9gea33pnmhlh5kfmt3tt2de19tk', '::1', 1504021460, 0x5f5f63695f6c6173745f726567656e65726174657c693a313530343032313435373b6c6f676765647c623a313b757365725f69647c733a313a2231223b757365725f6e616d657c733a353a2261646d696e223b757365725f726f6c657c4e3b757365725f656d61696c7c733a31353a2261646d696e4061646d696e2e636f6d223b757365725f66756c6c5f6e616d657c733a31303a22737570657261646d696e223b),
('olg6fk6j8qmjrjc4tmn0pjlbkab07kof', '::1', 1504024451, 0x5f5f63695f6c6173745f726567656e65726174657c693a313530343032343137393b6c6f676765647c623a313b757365725f69647c733a313a2231223b757365725f6e616d657c733a353a2261646d696e223b757365725f726f6c657c4e3b757365725f656d61696c7c733a31353a2261646d696e4061646d696e2e636f6d223b757365725f66756c6c5f6e616d657c733a31303a22737570657261646d696e223b),
('qdpujgcq5f0k7cnuhrsr9k7ur4uk15qh', '::1', 1504024629, 0x5f5f63695f6c6173745f726567656e65726174657c693a313530343032343530333b6c6f676765647c623a313b757365725f69647c733a313a2231223b757365725f6e616d657c733a353a2261646d696e223b757365725f726f6c657c4e3b757365725f656d61696c7c733a31353a2261646d696e4061646d696e2e636f6d223b757365725f66756c6c5f6e616d657c733a31303a22737570657261646d696e223b);
INSERT INTO `ci_sessions` (`id`, `ip_address`, `timestamp`, `data`) VALUES
('3tnqermioemva6sa3a39sf6s927pvd0g', '::1', 1504075075, 0x5f5f63695f6c6173745f726567656e65726174657c693a313530343037353036393b6c6f676765647c623a313b757365725f69647c733a313a2231223b757365725f6e616d657c733a353a2261646d696e223b757365725f726f6c657c4e3b757365725f656d61696c7c733a31353a2261646d696e4061646d696e2e636f6d223b757365725f66756c6c5f6e616d657c733a31303a22737570657261646d696e223b),
('tj0qs8pdlopigarsdletdqgeb5ah4ct9', '::1', 1504100176, 0x5f5f63695f6c6173745f726567656e65726174657c693a313530343039393937393b6c6f676765647c623a313b757365725f69647c733a313a2231223b757365725f6e616d657c733a353a2261646d696e223b757365725f726f6c657c4e3b757365725f656d61696c7c733a31353a2261646d696e4061646d696e2e636f6d223b757365725f66756c6c5f6e616d657c733a31303a22737570657261646d696e223b),
('gt7juflid7tjscgt7a4g9q09t14jpdvq', '::1', 1504114868, 0x5f5f63695f6c6173745f726567656e65726174657c693a313530343131343539333b6c6f676765647c623a313b757365725f69647c733a313a2231223b757365725f6e616d657c733a353a2261646d696e223b757365725f726f6c657c4e3b757365725f656d61696c7c733a31353a2261646d696e4061646d696e2e636f6d223b757365725f66756c6c5f6e616d657c733a31303a22737570657261646d696e223b),
('b1v5vvi0f7t3irimdceb06ck92pe0je3', '::1', 1504115208, 0x5f5f63695f6c6173745f726567656e65726174657c693a313530343131343934383b6c6f676765647c623a313b757365725f69647c733a313a2231223b757365725f6e616d657c733a353a2261646d696e223b757365725f726f6c657c4e3b757365725f656d61696c7c733a31353a2261646d696e4061646d696e2e636f6d223b757365725f66756c6c5f6e616d657c733a31303a22737570657261646d696e223b),
('e5bpl6oftg0bsddspiciod3h8p4c6qei', '::1', 1504115391, 0x5f5f63695f6c6173745f726567656e65726174657c693a313530343131353334373b6c6f676765647c623a313b757365725f69647c733a313a2231223b757365725f6e616d657c733a353a2261646d696e223b757365725f726f6c657c4e3b757365725f656d61696c7c733a31353a2261646d696e4061646d696e2e636f6d223b757365725f66756c6c5f6e616d657c733a31303a22737570657261646d696e223b),
('vmlg07a121ajjr5aumesffse55her3jt', '::1', 1504116264, 0x5f5f63695f6c6173745f726567656e65726174657c693a313530343131363030343b6c6f676765647c623a313b757365725f69647c733a313a2231223b757365725f6e616d657c733a353a2261646d696e223b757365725f726f6c657c4e3b757365725f656d61696c7c733a31353a2261646d696e4061646d696e2e636f6d223b757365725f66756c6c5f6e616d657c733a31303a22737570657261646d696e223b),
('cc2r5n4mebqst4mvrtf9psqvq6vkr0t6', '::1', 1504116429, 0x5f5f63695f6c6173745f726567656e65726174657c693a313530343131363334333b6c6f676765647c623a313b757365725f69647c733a313a2231223b757365725f6e616d657c733a353a2261646d696e223b757365725f726f6c657c4e3b757365725f656d61696c7c733a31353a2261646d696e4061646d696e2e636f6d223b757365725f66756c6c5f6e616d657c733a31303a22737570657261646d696e223b),
('du604a1t2imdcqvs44qd73krnbndn76r', '::1', 1504118848, 0x5f5f63695f6c6173745f726567656e65726174657c693a313530343131383733393b6c6f676765647c623a313b757365725f69647c733a313a2231223b757365725f6e616d657c733a353a2261646d696e223b757365725f726f6c657c4e3b757365725f656d61696c7c733a31353a2261646d696e4061646d696e2e636f6d223b757365725f66756c6c5f6e616d657c733a31303a22737570657261646d696e223b),
('3hfv817b6dacu0k4jb1ala6sqp2mtnvq', '::1', 1504119438, 0x5f5f63695f6c6173745f726567656e65726174657c693a313530343131393136303b6c6f676765647c623a313b757365725f69647c733a313a2231223b757365725f6e616d657c733a353a2261646d696e223b757365725f726f6c657c4e3b757365725f656d61696c7c733a31353a2261646d696e4061646d696e2e636f6d223b757365725f66756c6c5f6e616d657c733a31303a22737570657261646d696e223b),
('q6oq8ejb1acqculm5sq66hrqui773ie0', '::1', 1504119758, 0x5f5f63695f6c6173745f726567656e65726174657c693a313530343131393437333b6c6f676765647c623a313b757365725f69647c733a313a2231223b757365725f6e616d657c733a353a2261646d696e223b757365725f726f6c657c4e3b757365725f656d61696c7c733a31353a2261646d696e4061646d696e2e636f6d223b757365725f66756c6c5f6e616d657c733a31303a22737570657261646d696e223b),
('uc1u41s4tkdk4dtdjmr1pcfunm4n0r8p', '::1', 1504119783, 0x5f5f63695f6c6173745f726567656e65726174657c693a313530343131393738333b6c6f676765647c623a313b757365725f69647c733a313a2231223b757365725f6e616d657c733a353a2261646d696e223b757365725f726f6c657c4e3b757365725f656d61696c7c733a31353a2261646d696e4061646d696e2e636f6d223b757365725f66756c6c5f6e616d657c733a31303a22737570657261646d696e223b),
('n72ku6v96ppd4qei13rvkc7105eocnjq', '::1', 1504274333, 0x5f5f63695f6c6173745f726567656e65726174657c693a313530343237343135333b6c6f676765647c623a313b757365725f69647c733a313a2231223b757365725f6e616d657c733a353a2261646d696e223b757365725f726f6c657c4e3b757365725f656d61696c7c733a31353a2261646d696e4061646d696e2e636f6d223b757365725f66756c6c5f6e616d657c733a31303a22737570657261646d696e223b);

-- --------------------------------------------------------

--
-- Table structure for table `comment`
--

CREATE TABLE IF NOT EXISTS `comment` (
  `id` int(11) NOT NULL AUTO_INCREMENT,
  `nama` varchar(255) DEFAULT NULL,
  `email` varchar(255) DEFAULT NULL,
  `comment` text,
  `comment_date` datetime DEFAULT NULL,
  `comment_is_deleted` int(11) DEFAULT '0',
  `id_news` int(11) DEFAULT NULL,
  PRIMARY KEY (`id`)
) ENGINE=InnoDB DEFAULT CHARSET=utf8 AUTO_INCREMENT=1 ;

-- --------------------------------------------------------

--
-- Table structure for table `counter`
--

CREATE TABLE IF NOT EXISTS `counter` (
  `id` int(11) NOT NULL AUTO_INCREMENT,
  `location` varchar(250) DEFAULT NULL,
  `ip` int(11) DEFAULT NULL,
  PRIMARY KEY (`id`)
) ENGINE=InnoDB DEFAULT CHARSET=utf8 AUTO_INCREMENT=1 ;

-- --------------------------------------------------------

--
-- Table structure for table `event`
--

CREATE TABLE IF NOT EXISTS `event` (
  `event_id` int(11) NOT NULL AUTO_INCREMENT,
  `event_name` varchar(45) DEFAULT NULL,
  `event_calender` datetime DEFAULT NULL,
  `event_is_deleted` int(11) DEFAULT NULL,
  `category_category_id` int(11) NOT NULL,
  PRIMARY KEY (`event_id`),
  KEY `fk_event_category1_idx` (`category_category_id`)
) ENGINE=InnoDB DEFAULT CHARSET=utf8 AUTO_INCREMENT=1 ;

-- --------------------------------------------------------

--
-- Table structure for table `gallery`
--

CREATE TABLE IF NOT EXISTS `gallery` (
  `id` int(11) NOT NULL AUTO_INCREMENT,
  `name` varchar(255) DEFAULT NULL,
  `photo` varchar(255) DEFAULT NULL,
  `idelete` int(11) DEFAULT '0',
  `created_at` datetime DEFAULT NULL,
  `update_at` datetime DEFAULT NULL,
  PRIMARY KEY (`id`)
) ENGINE=InnoDB  DEFAULT CHARSET=utf8 AUTO_INCREMENT=9 ;

--
-- Dumping data for table `gallery`
--

INSERT INTO `gallery` (`id`, `name`, `photo`, `idelete`, `created_at`, `update_at`) VALUES
(1, 'dd', NULL, 1, '2017-08-28 16:59:14', '2017-08-28 16:59:14'),
(2, 'ddd', NULL, 1, '2017-08-28 17:02:11', '2017-08-28 17:02:11'),
(3, 'yes test', NULL, 0, '2017-08-29 05:34:17', '2017-08-29 05:34:17'),
(4, 'ddd', NULL, 1, '2017-08-29 09:14:49', '2017-08-29 09:14:49'),
(5, 'ssss', NULL, 0, '2017-08-29 09:15:36', '2017-08-29 09:15:36'),
(6, 'sssssss', NULL, 1, '2017-08-29 09:41:58', '2017-08-29 09:41:58'),
(7, 'ngetest mulu', NULL, 1, '2017-08-29 09:43:09', '2017-08-29 09:43:09'),
(8, 'ssssssssssss', NULL, 0, '2017-08-30 15:36:14', '2017-08-30 15:36:14');

-- --------------------------------------------------------

--
-- Table structure for table `news`
--

CREATE TABLE IF NOT EXISTS `news` (
  `news_id` int(11) NOT NULL AUTO_INCREMENT,
  `category_id` int(11) DEFAULT NULL,
  `tag_id` int(11) DEFAULT NULL,
  `news_title` varchar(255) DEFAULT NULL,
  `news_content` longtext,
  `news_publish_date` datetime DEFAULT NULL ON UPDATE CURRENT_TIMESTAMP,
  `news_create_date` datetime DEFAULT NULL,
  `news_update_at` datetime DEFAULT NULL,
  `news_image` varchar(255) DEFAULT NULL,
  `news_is_deleted` int(11) DEFAULT '0',
  `news_status` enum('0','1') DEFAULT NULL,
  PRIMARY KEY (`news_id`),
  KEY `category_id` (`category_id`),
  KEY `tag_id` (`tag_id`)
) ENGINE=InnoDB  DEFAULT CHARSET=utf8 AUTO_INCREMENT=25 ;

--
-- Dumping data for table `news`
--

INSERT INTO `news` (`news_id`, `category_id`, `tag_id`, `news_title`, `news_content`, `news_publish_date`, `news_create_date`, `news_update_at`, `news_image`, `news_is_deleted`, `news_status`) VALUES
(11, 0, 0, 'test', '<p>ddd</p>', '2017-08-17 00:00:53', '2017-08-14 07:31:07', NULL, NULL, 1, '0'),
(12, 0, 0, 'ee', '<p>ddd</p>', '2017-08-15 13:56:06', '2017-08-14 07:34:11', NULL, NULL, 1, '0'),
(13, 0, 0, 'e', '<p>ddd</p>', '2017-08-15 13:55:49', '2017-08-14 07:45:38', NULL, NULL, 1, '0'),
(14, 0, 0, 'e', '<p>ddd</p>', '2017-08-15 13:43:58', '2017-08-14 07:51:51', NULL, NULL, 1, '0'),
(15, 1, 1, 'ww', '<p>ddd</p>', '2017-08-15 13:44:14', '2017-08-14 07:59:12', NULL, NULL, 1, '0'),
(16, 1, 1, 'e`', '<p>ssss</p>', '2017-08-16 23:59:26', '2017-08-14 08:33:54', NULL, NULL, 1, '0'),
(17, 1, 1, 'admin', '<p>aaaaa</p>', '2017-08-16 23:59:37', '2017-08-14 08:38:16', NULL, NULL, 1, '0'),
(18, 1, 1, 'admi', '<p>ddd</p>', '2017-08-14 00:00:00', '2017-08-14 08:41:38', NULL, NULL, 0, '0'),
(19, 1, 1, 'sss', '<p>ddd</p>', '2017-08-17 00:00:40', '2017-08-14 08:45:16', NULL, NULL, 1, '0'),
(20, 1, 1, 'sss', '<p>ddd</p>', '2017-08-21 16:20:25', '2017-08-14 08:45:42', NULL, 'download_(3)1.jpg', 1, '0'),
(21, 2, 1, 'ya test', '<p>tetsdshfjsnclm/,kackd''kslkflkvkxvm., ekj,lsd;.lsd.ads''/xld;adk ,jfiewh;sdf kdl,fkkd;f,kr;jf,kssds d dsadfas dewf sdfds</p>', '2017-08-15 22:24:30', '2017-08-15 17:24:30', NULL, 'nokia3310.jpg', 0, '1'),
(22, 2, 1, 'qqqq', '<p>wwwww</p>', '2017-08-21 00:00:00', '2017-08-21 11:21:04', NULL, NULL, 0, '0'),
(23, 3, 8, 'testting berita', '<p>berita test saja ... jangan menyerah dalam belajar karena dalam belajar kita bisa mendapat ilmu yang sangat berarti keep fight n never give up</p><p>jangan pernah tinggalkan ibadah dan jangan pernah meningglkan sunnah&nbsp;</p><p>jangan terlau mencintai dunia ,karena dunia ini hanyalah sementara dan takan lama tinggal didunia&nbsp;</p><p>mari mengoding dan mari bercita2&nbsp;</p>', '2017-08-31 00:49:07', '2017-08-30 19:49:07', NULL, 'pejuangsubuh.jpg', 0, '0'),
(24, 2, 1, 'just test', '<p>ddddddd</p>', '2017-08-31 01:57:53', '2017-08-30 20:57:53', NULL, 'pejuangsubuh1.jpg', 0, '0');

-- --------------------------------------------------------

--
-- Table structure for table `slide`
--

CREATE TABLE IF NOT EXISTS `slide` (
  `slide_id` int(11) NOT NULL AUTO_INCREMENT,
  `gallery_id` int(11) DEFAULT NULL,
  PRIMARY KEY (`slide_id`)
) ENGINE=InnoDB DEFAULT CHARSET=utf8 AUTO_INCREMENT=1 ;

-- --------------------------------------------------------

--
-- Table structure for table `status`
--

CREATE TABLE IF NOT EXISTS `status` (
  `status_id` int(11) NOT NULL AUTO_INCREMENT,
  `status_type` varchar(45) DEFAULT NULL,
  PRIMARY KEY (`status_id`)
) ENGINE=InnoDB DEFAULT CHARSET=utf8 AUTO_INCREMENT=1 ;

-- --------------------------------------------------------

--
-- Table structure for table `tag`
--

CREATE TABLE IF NOT EXISTS `tag` (
  `tag_id` int(11) NOT NULL AUTO_INCREMENT,
  `tag_name` varchar(100) DEFAULT NULL,
  `tag_is_deleted` int(11) DEFAULT '0',
  `tag_create_date` datetime DEFAULT NULL,
  `tag_last_update` varchar(45) DEFAULT NULL,
  `category_category_id` int(11) DEFAULT NULL,
  PRIMARY KEY (`tag_id`),
  KEY `fk_tag_category1_idx` (`category_category_id`)
) ENGINE=InnoDB  DEFAULT CHARSET=utf8 AUTO_INCREMENT=9 ;

--
-- Dumping data for table `tag`
--

INSERT INTO `tag` (`tag_id`, `tag_name`, `tag_is_deleted`, `tag_create_date`, `tag_last_update`, `category_category_id`) VALUES
(1, 'ya', 0, '2017-08-08 00:00:00', NULL, 1),
(3, 'didi', 0, '2017-08-14 08:55:17', '2017-08-14 08:55:17', 0),
(4, 'w', 1, '2017-08-14 08:57:02', '2017-08-14 08:57:02', 1),
(5, 'dd', 0, '2017-08-14 09:34:28', '2017-08-14 09:34:28', 2),
(6, 'ya ya', 1, '2017-08-14 09:49:22', '2017-08-14 09:49:22', 2),
(7, '<div style=', 1, '2017-08-14 09:50:34', '2017-08-14 09:50:34', 2),
(8, 'test tag ', 0, '2017-08-19 05:14:22', '2017-08-19 05:14:22', 3);

-- --------------------------------------------------------

--
-- Table structure for table `user`
--

CREATE TABLE IF NOT EXISTS `user` (
  `user_id` int(11) NOT NULL AUTO_INCREMENT,
  `user_name` varchar(45) DEFAULT NULL,
  `user_full_name` varchar(255) DEFAULT NULL,
  `user_password` varchar(45) DEFAULT NULL,
  `user_email` varchar(45) DEFAULT NULL,
  `user_is_deleted` int(11) DEFAULT NULL,
  `user_create_date` datetime DEFAULT NULL,
  `user_last_update` varchar(45) DEFAULT NULL,
  PRIMARY KEY (`user_id`)
) ENGINE=InnoDB  DEFAULT CHARSET=utf8 AUTO_INCREMENT=2 ;

--
-- Dumping data for table `user`
--

INSERT INTO `user` (`user_id`, `user_name`, `user_full_name`, `user_password`, `user_email`, `user_is_deleted`, `user_create_date`, `user_last_update`) VALUES
(1, 'admin', 'superadmin', 'd033e22ae348aeb5660fc2140aec35850c4da997', 'admin@admin.com', 0, '2017-08-13 00:00:00', NULL);

--
-- Constraints for dumped tables
--

--
-- Constraints for table `event`
--
ALTER TABLE `event`
  ADD CONSTRAINT `fk_event_category1` FOREIGN KEY (`category_category_id`) REFERENCES `category` (`category_id`) ON DELETE NO ACTION ON UPDATE NO ACTION;

/*!40101 SET CHARACTER_SET_CLIENT=@OLD_CHARACTER_SET_CLIENT */;
/*!40101 SET CHARACTER_SET_RESULTS=@OLD_CHARACTER_SET_RESULTS */;
/*!40101 SET COLLATION_CONNECTION=@OLD_COLLATION_CONNECTION */;
